[{
  "_id": {
    "$oid": "668637cb7c6277846440e513"
  },
  "title": "Find reliable car cleaners",
  "image": "1723730726460-Bg_1.png",
  "description": "<p>Meet the nearest available car cleaner to your location</p>",
  "is_active": 1,
  "createdAt": {
    "$date": "2024-07-04T05:48:59.106Z"
  },
  "updatedAt": {
    "$date": "2024-08-17T12:01:35.809Z"
  },
  "__v": 0
},
{
  "_id": {
    "$oid": "6688d42096ddce1fbbfc12a5"
  },
  "title": "Book your door step car wash",
  "image": "1723730579560-Bg.png",
  "description": "<p>Meet the nearest available car cleaner to your location</p>",
  "is_active": 1,
  "createdAt": {
    "$date": "2024-07-06T05:20:32.926Z"
  },
  "updatedAt": {
    "$date": "2024-08-17T12:01:41.739Z"
  },
  "__v": 0
},
{
  "_id": {
    "$oid": "66be0b642eb7e9295226418a"
  },
  "title": "Drive your car clean everyday",
  "image": "1723730788900-Bg_2.png",
  "description": "<p>Meet the nearest available car cleaner to your location</p>",
  "is_active": 1,
  "createdAt": {
    "$date": "2024-08-15T14:06:28.920Z"
  },
  "updatedAt": {
    "$date": "2024-08-17T12:01:45.421Z"
  },
  "__v": 0
}]