[{
  "_id": {
    "$oid": "668646c57af4009f7919c49c"
  },
  "paypal_is_enable": 1,
  "paypal_mode": "testMode",
  "paypal_testmode_merchant_Id": "AU9rVln8yvfm2UjNMWQKpcLwtAXfpDCg-Q_VlvB36I3u9T938qw25cNkqvzKQ78gmFT2Cwx60KdteEFN",
  "paypal_testmode_tokenization_key": "EL7Wo0g7CYfYqbSRJxNDvIx9X2IgID5U6mXqEvkTKXXrGHbsMSZ7DpIC39KDmLnzOoHAy4fG02pthApQ",
  "paypal_testmode_public_key": "AU9rVln8yvfm2UjNMWQKpcLwtAXfpDCg-Q_VlvB36I3u9T938qw25cNkqvzKQ78gmFT2Cwx60KdteEFN",
  "paypal_testmode_private_key": "EL7Wo0g7CYfYqbSRJxNDvIx9X2IgID5U6mXqEvkTKXXrGHbsMSZ7DpIC39KDmLnzOoHAy4fG02pthApQ",
  "paypal_livemode_merchant_Id": "paypal123!",
  "paypal_livemode_tokenization_key": "paypal456!",
  "paypal_livemode_public_key": "paypal789!",
  "paypal_livemode_private_key": "paypal012!",
  "stripe_is_enable": 1,
  "stripe_mode": "testMode",
  "stripe_testmode_publishable_key": "pk_test_kGEVXq7ga94dcLBUZJbdQu9500lLQ5lcyQ",
  "stripe_testmode_secret_key": "sk_test_utRGU4wkG19w3o3dCsu4N42b00hRPKIwiJ",
  "stripe_livemode_publishable_key": "",
  "stripe_livemode_secret_key": "",
  "razorpay_is_enable": 1,
  "razorpay_mode": "testMode",
  "razorpay_testmode_key_Id": "rzp_test_1DP5mmOlF5G5ag",
  "razorpay_testmode_key_secret": "rzp_test_1DP5mmOlF5G5ag",
  "razorpay_livemode_key_Id": "",
  "razorpay_livemode_key_secret": "",
  "createdAt": {
    "$date": "2024-07-04T06:52:53.645Z"
  },
  "updatedAt": {
    "$date": "2024-07-25T13:34:10.170Z"
  },
  "__v": 0
}]